afro	hair	lot	pik	curls	perm
airplane	fly	travel	delta	united	airline
airport	travel	plane	transportation	bus	train
alcohol	liquor	beer	drink	inebriated	liquid
al	gore	tipper	vice	president	clinton	tennesee	candidate
allergy	sneeze	cough	pollen	spring	season
alphabet	letters	26	vowels	spell	song
always	sometimes	never	eternity	end	forever
american	citizen	country	usa	canada	states
anatomy	body	parts	bones	organs	medical
ancient	old	era	age	modern	history
anecdote	story	fun	orate	lines	interview
annoying	painful	words	repeat	kids	time
applause	cheer	crowd	clap	audience	stand
apple	computer	steve	jobs	fruit	orange	red
application	accept	denied	admit	college	school
appraisal	value	real	estate	finance	taxes	worth
architect	create	build	house	home	construct
argument	fight	anger	yell	quarrel	couple
arrow	bow	cupid	love	shoot	target
artifact	stone	ancient	ground	bones	museum
atlas	maps	world	country	earth	globe
at	least	minimum	requirement	most	bare	time
attic	upstairs	storage	house	home	finish
attorney	lawyer	law	represent	right	protect
auction	ebay	gavel	sold	bid	antiques
aunt	sister	father	mother	sibling	parent
author	book	write	pen	name	mark	twain
authority	police	cops	government	charge	fight
avalanche	snow	mountains	falling	skiing	winter
axe	cut	wood	tree	forest	lumber
back	to	the	future	michael	j.	fox	movie	film	lloyd	time	travel
badge	cops	law	rules	ticket	police
banana	monkey	slip	yellow	peel	fruit
barbecue	grill	outdoor	backyard	weber	meat
basement	downstairs	storage	house	home	finish
bathroom	toilet	sink	wash	shower	clean
battery	remote	control	plug	triple_a	power
begin	start	finish	before	after	end
best	man	wedding	marriage	maid	honor	speech	groomsmen
bicycle	wheels	ride	transportation	pedal	handlebar
bill	gates	microsoft	wealthy	rich	famous	charity
billionaire	bill	gates	money	cash	warren	buffett	loot
billy	joel	piano	man	musician	singer	blind	fire
binder	keep	papers	folder	store	school
birth	date	pregnant	hospital	nine	months	place
birthday	cake	party	candles	year	surprise
bishop	chess	piece	rook	king	diagnol
blackberry	e-mail	phone	travel	computer	time
blanket	soft	sleep	bed	cover	throw
blush	red	make-up	face	embarrased	cheeks
book	author	story	novel	read	cover
book	read	phone	pages	cover	story
born	pregnant	hospital	nine	months	time	date
bow	and	arrow	practice	cupid	love	shoot	target
bowl	eat	cereal	spoon	pins	ball
bread	morning	breakfast	carbohydrate	eat	wheat
breakfast	eat	coffee	tea	bread	cereals
brian	urlacher	linebacker	chicago	bears	defense	star	football
broadway	musical	play	new	york	actor	theatre
brother-in-law	husband	wife	parent	sibling	family
brother	sister	father	mother	sibling	parent
budget	finance	plan	rental	monthly	annual
building	home	skyscraper	office	work	empire	state
burden	proof	weight	hinder	leave	down
burger	king	whopper	mcdonalds	wendys	arbys	fast	food
business	wall	street	journal	school	graduate	startup	economy
bus	stop	kids	children	wait	yellow	school
button	shirt	pant	together	zipper	clothes
cab	driver	taxi	tip	transport	yellow	new	york
caesar	king	ruler	pizza	little	empire
caffeine	coke	soda	pop	drink	water
cake	birthday	bake	circle	ice	cream	frosting
calculator	numbers	math	electronic	paper	punch
calendar	months	years	days	week	date
cameo	appearance	show	television	camera	director
camera	shoot	picture	digital	focus	memory
cancun	mexico	vacation	spring	break	water	beach
captain	morgan	rum	drink	spiced	alcohol	liquor
cardinal	bird	red	chirp	spring	bishop
carrot	orange	vegetable	eyes	long	crunchy
catwalk	model	fashion	show	runway	heidi	klum	bruce
ceiling	roof	floor	ground	height	above
cell	phone	talk	dial	call	speak	pocket
center	around	middle	position	focus	circle
central	park	zoo	new	york	manhattan	middle	green
century	100	years	decade	millenium	2000
cereal	bowl	eat	breakfast	morning	milk
certificate	award	paper	trophy	present	complete
character	cartoon	funny	rounded	part	play
charles	barkley	suns	forward	basketball	star	fab	5
cheater	lie	ahead	fair	steroids	bonds
checkmate	chess	king	queen	over	game
cheese	taste	food	swiss	dairy	cheddar
chicago	sears	tower	illinois	city	navy	pier	midwest
children	kids	little	people	young	youth
china	beijing	yao	ming	population	billion	asia
chipotle	mexican	food	burritos	mcdonalds	recent
christmas	december	santa	tree	presents	celebrate
christmas	thanksgiving	december	holiday	new	years	presents
chrysler	car	automobile	brand	daimler	sebring
church	pray	steeple	priest	catholic	christian
circus	ring	tent	clown	trapeze	ringling
citation	ticket	speeding	police	law	pull	over
citizen	kane	police	country	person	common
classroom	desk	student	teacher	school	learn
clean	mess	garbage	dirty	house	maid
closet	clothes	hang	bedroom	store	monster
cloud	sky	white	fluffy	nine	rain
clutch	stick	gear	grab	shift	tight
compass	direction	north	south	east	west
computer	ibm	desktop	laptop	internet	apple
connection	internet	spark	chemistry	together	time
construction	build	crane	company	hard	hat
construction	paper	art	kids	school	make	crafts
consumer	user	product	customer	audience	brand
contact	call	e-mail	question	problem	support
conversation	speak	carry	talk	people	between
cookie	milk	santa	claus	chocolate	chip	oatmeal	raisin	eat
corn	cob	grill	yellow	ears	bite
corn	on	the	cob	shear	grill	yellow	ears	bite
cough	mouth	sick	ill	throat	sneeze
country	america	state	city	govern	map
county	city	state	district	local	map
couple	married	together	two	dating	relationship
court	judge	verdict	jury	attorney	defense
cousin	brother	father	mother	sister	parent
cowboy	boots	horse	spurs	dallas	texas
crack	sleuth	break	drop	glass	fragile
crayon	colors	crayola	marker	school	write
credit	card	wallet	pay	cash	carry	purchase
crisp	crunch	sharp	fresh	potato	bite
cry	sad	tears	eye	hurt	water
crystal	ball	glass	kitchen	fancy	gift
cupid	arrow	heart	valentine	february	heart
cushion	layer	pillow	couch	soft	fluffy
dairy	product	milk	cheese	cow	grocery
dandruff	white	hair	flakes	head	shampoo
dan	marino	quarterback	dolphins	football	star	touchdown
dartmouth	tough	university	college	study	admission
david	stern	commissioner	basketball	sport	rules	over
deck	grill	house	home	porch	party
defendant	prosecution	court	law	judge	attorney
democrat	bill	clinton	obama	party	political	donkey
denver	coors	mile	high	broncos	city	colorado
design	create	make	copy	draw	sculpt
desk	work	top	study	office	papers
dessert	after	dinner	eat	sweet	chocolate
detail	attention	minute	exact	perfect	little
dial	tone	beep	busy	phone	call	dial
diamond	ring	carat	jewel	glass	ring
dictionary	webster	definition	words	alphabet	book
dime	ten	penny	nickel	quarter	change
discover	look	see	find	columbus	explorer
disney	world	florida	orlando	mickey	mouse	epcot	magic	mountain
district	attorney	area	code	jurisdiction	school
document	paper	briefcase	microsoft	word	file	new
draft	sports	military	pick	select	choose
drama	genre	queen	soap	movie	book
drawer	clothes	open	close	store	closet
dream	sleep	rest	brain	activity	nightmare
dry	erase	board	write	wall	hang	chalkboard	teach
duke	carolina	university	college	study	admission
dvd	disc	movie	film	player	vcr
edgar	allan	poe	poem	raven	scary	classic	famous
education	degree	school	diploma	learn	classroom
egg	roll	chinese	food	appetizer	fried	filled
einstein	relativity	theory	albert	speed	of	light	e=mc	squared
elbow	body	part	joint	knee	arm
element	periodic	chemistry	table	piece	water
elvis	presley	rock	singer	legend	disappear	sighting
e-mail	online	electronic	send	fast	internet
empire	state	building	tallest	america	new	york	skyscraper	building
engagement	propose	marriage	ring	wedding	boyfriend
equity	stock	private	home	mortgage	interest
fable	story	moral	tale	point	short
fantasy	football	dream	imagine	sports	stats
farmer	milk	cow	animals	barn	food
father	grandparent	mother	dad	children	parent
faucet	water	sink	spout	leak	handle
fever	sick	ill	thermometer	chills	sweat
fiance	wedding	marry	partner	spouse	engagement
fiction	library	books	novel	story	section
fingernail	cut	hand	polish	fake	manicure
fire	flame	hot	wood	heat	ice
fish	tank	goldfish	bowl	pet	simple	feed
fish	water	animals	ocean	lake	pond
fist	hand	fingers	punch	no	actions
fix	repair	accident	handyman	tools	screwdrivers
flag	stars	stripes	american	mast	pole
flop	fall	down	poker	turn	river
florida	orange	peninsula	state	tallahassee	miami
floss	mouthwash	brush	teeth	paste	dentist
flower	girl	wedding	marriage	walk	aisle	petals
flush	toilet	poker	suit	bathroom	royal
flying	saucer	ufo	alien	night	lights	space
focus	camera	lose	blur	attention	ford
fog	clouds	sight	vision	war	block
foil	alter	change	wrench	disrupt	time
fox	animal	tail	network	woods	jamie
frame	picture	photo	display	glasses	around
freak	super	weird	whacky	show	friday
freedom	ring	choice	democracy	america	liberty
freezer	cold	store	food	keep	ice
friday	saturday	thursday	days	two	weekend
frog	green	animal	hops	slimy	leap
fruit	apple	orange	banana	watermelon	vegetables
full	empty	glass	half	stuffed	hungry
full	house	tanner	poker	straight	flush	olsen	twins
funny	smile	laugh	giggle	joke	riddle
galaxy	sun	system	space	earth	milky	way
gandhi	peace	india	famous	fasting	glasses
garden	flowers	plants	vegetables	grow	backyard
general	attorney	vague	military	rank	officer
genre	category	movie	music	type	classify
gentle	hard	soft	careful	break	careless
georgia	atlanta	savannah	south	peach	dixie
ghost	scared	white	fly	haunted	dead
ghost	town	cowboys	goldrush	deserted	western	tumbling	weeg
gift	card	purchase	wallet	best	buy	supermarket	christmas
giggle	laugh	joke	riddle	funny	smile
giraffe	neck	tall	yellow	tree	safari
globe	map	world	sphere	atlas	earth
glove	mitt	hands	baseball	o.j.	simpson	acquit
glue	sticky	elmers	white	bind	carpenter
goggles	swim	eye	see	ski	wear
goldfish	bowl	tank	pet	simple	feed
gold	glove	baseball	defense	fielding	position	player
golf	ball	tee	swing	club	iron	wood
goofy	mickey	mouse	donald	duck	disney	character	dog
google	yahoo	internet	search	engine	gmail	public
government	country	politicians	president	congress	rule
governor	state	representative	leader	each	elect
grand	canyon	nevada	big	hole	colors	huge	colorado	river
granddaughter	generation	kids	mom	children	parent
grandfather	generation	dad	mom	children	parent
grand	finale	great	end	large	important
grandmother	generation	dad	mom	children	parent
grandson	generation	kids	mom	children	parent
great	grandfather	generation	dad	mom	children	parent
great	grandmother	generation	dad	mom	children	parent
grill	question	barbecue	burgers	chicken	corn
groupie	beatles	rolling	stones	travel	with	rockband	music
growing	pains	show	television	michael	seaver	wonder	years	developing
guitar	instrument	strum	music	acoustic	amplify
halloween	october	scary	holiday	pumpkin	costume
hammer	nail	wall	hang	tool	push
handkerchief	nose	cloth	pocket	wipe	tissue
hanger	clothes	rack	coat	jacket	closet
harvard	boston	university	college	study	admission
head	face	toe	part	body	torso
headlight	deer	car	light	night	drive
heart	blood	organ	valentine	love	beat
heater	cold	hot	winter	car	home
helicopter	propellor	fly	wings	helipad	news
helium	balloon	float	funny	talk	tank
helmet	protect	head	motorcycle	football	sports
help	sos	assist	need	accomplish	call
hero	save	famous	movie	rescue	novel
highway	road	street	freeway	life	drive
hip	hop	rap	music	slang	artist	kanye
hire	employee	boss	manager	recruit	work
honeymoon	vegas	marriage	vacation	travel	exotic
hoop	basketball	hula	earrings	jump	through
house	party	bar	apartment	keg	people	crowded
hush	silent	quiet	puppy	talk	speak
ice	box	cold	store	cooler	keep	ice
ice	cream	freezer	vanilla	chocolate	flavors	cold
igloo	eskimo	ice	antarctica	live	home
illinois	chicago	midwest	wisconsin	indiana	state
incense	smell	burn	stick	asia	light
india	billion	people	hindi	democracy	asia
indiana	jones	harrison	ford	raiders	temple	movie	trilogy
indiana	state	hoosier	bobby	basketball	midwest
interest	rate	mortgage	home	like	appeal
internet	speed	computer	laptop	information	find
investment	return	interest	money	deposit	cash
island	beach	sand	lost	hawaii	land
jack	daniels	whiskey	tennessee	coke	drink	alcohol
jail	law	penalty	police	illegal	bars
jam	fruit	traffic	jelly	toast	bread
jelly	sandwich	peanut	butter	smuckers	jam	welch
jeopardy	alex	trabek	game	show	wheel	of	fortune	contestants	double
jet	ski	ocean	water	sports	boat	pull
jog	run	walk	fast	morning	path
john	elway	quarterback	broncos	football	star	touchdown
john	hancock	signature	chicago	skyscraper	building	america
joke	laugh	kidding	smile	happy	sad
judge	verdict	jury	attorney	defense	preside
jump	rope	hop	skip	leap	hurdle
kangaroo	pouch	hop	animal	australia	captain
kevin	garnett	minnesota	timberwolves	basketball	star	trade
king	queen	chess	checkmate	royalty	head
kitten	purr	meow	pet	dog	cat
knee	body	walk	joint	elbow	legs
koala	bear	australia	animals	wild	tree	climb
kobe	bryant	rape	lakers	basketball	star	los	angeles
labor	day	september	holiday	summer	wedding	work
labrador	dog	golden	retriever	smart	pet	home
ladder	steps	reach	higher	stand	fold
lamp	light	bulb	see	dark	on
landing	airplane	base	helicopter	takeoff	descent
lane	shoulder	cars	pass	drive	turn
language	english	french	speak	spanish	greek
larry	bird	boston	celtics	guard	basketball	star	net
larry	king	television	cnn	show	national	live
laugh	joke	riddle	funny	smile	frown
laughter	funny	joke	riddle	mouth	tells
lcd	television	plasma	projection	inch	view
leap	year	february	days	skip	four	every
leaving	depart	take	airplane	bus	train
lemon	seeds	juice	green	yellow	fruit
level	straight	rank	game	tool	measure
liberal	democrat	conservative	change	donkey	arts
license	drivers	document	legal	paper	official
lightning	wet	rain	thunder	bolt	umbrella
lime	seeds	juice	green	yellow	fruit
liver	chopped	organ	body	drink	health
lobby	doorman	entrance	petition	plead	grand
logistics	details	schedule	time	figure	decide
loser	winner	sore	beck	baby	last
lunatic	crazy	psycho	help	psychiatrist	toons
macbeth	witch	thane	scotland	king	lady
madonna	britney	spears	celebrate	pop	singer	music
magazine	subscribe	advertisement	mail	read	weekly
magic	johnson	hiv	aids	los	angeles	lakers	basketball	star
magnet	metal	conduct	electric	stick	together
maid	clean	housekeeper	laundary	wealthy	rich
mailbox	deliever	usps	driveway	home	flag
mailman	deliver	karl	malone	fedex	ups	postal	service
mall	shopping	stores	food	court	kids	clothes
manager	review	boss	work	job	run
marker	draw	kids	crayola	writing	instrument	art
mask	jim	carey	hide	halloween	wear	ski
math	school	subject	numbers	reading	english
matt	leblanc	friends	jennifer	aniston	joey	spinoff	television
maximum	top	highest	amount	minimum	height
mechanic	automobile	wrench	car	oil	change	accident
medal	olympic	gold	bronze	silver	athens
mediator	listen	peer	problem	dispute	settle
meet	up	together	plan	event	call	phone
memorial	day	may	holiday	spring	wedding	soldiers
mia	hamm	nomar	garciaparra	soccer	woman	star	america
michael	jordan	bulls	chicago	basketball	star	23
mickey	mouse	orlando	donald	duck	disney	character	magic
mick	jagger	rolling	stones	singer	60's	music	tounge
microwave	oven	appliance	heat	warm	food
milk	cow	dairy	cereal	cookies	drink
modern	new	age	era	ancient	history
monday	sunday	tuesday	days	two	eve
money	buy	cash	bank	loot	salary
monitor	computer	screen	display	hallway	baby
monkey	banana	swing	zoo	tree	baboon
monster	bed	closet	scared	afraid	kids
month	day	week	30	31	year
moon	sun	planet	circle	space	armstrong
morgan	stanley	bank	mortgage	loan	stock	broker
morse	code	communicate	phone	old	history	talk
mortgage	own	loan	debt	home	rent
mother	grandparent	father	mom	children	parent
mother-in-law	husband	wife	parent	sibling	family
mouse	cat	trap	cheese	tom	jerry	animal
mouthwash	brush	rinse	teeth	dentist	cavity
mozart	piano	cembalo	austria	salzburg	music
museum	art	science	history	artifacts	display
mushroom	ground	eat	vegetable	portabella	smurfs
music	notes	sound	hear	band	rock
napkin	kleenex	paper	cloth	clean	nose
navy	pier	chicago	tourist	attraction	ferris	wheel	lake
neighbor	live	next	house	person	street
nephew	relative	family	cousin	sibling	child
nerd	candy	sweet	dork	school	revenge
network	computer	jobs	people	internet	connection
newspaper	times	read	tribune	daily	articles
new	zealand	down	under	kiwi	australia	rugby	country
next	after	one	before	mtv	whos
nickel	five	penny	dime	quarter	change
nickelodeon	network	television	kids	cartoon	family
ninja	fight	karate	mutant	turtles	black	belt
nintendo	play	controller	xbox	playstation	video	game
nintendo	wii	play	controller	xbox	sony	video	game
north	pole	cold	earth	arctic	snow	south
north	wing	white	house	fly	south	east	west
nostril	nose	sneeze	smell	breathe	opening
note	write	post	stick	remember	musical
nothing	zero	none	amount	left	zilch
octopus	eight	tentacles	fish	water	ocean
office	space	desk	work	time	computer
ohio	state	midwest	cleveland	cincinatti	columbus
oil	cook	gas	spill	barrel	price
olive	oil	popeye	sailor	cook	health	vegetable
olive	oil	taste	food	pizza	anchovies
olympics	gold	bronze	silver	athletes	rings
omelette	breakfast	eggs	yolk	white	eat
onion	eyes	peel	cook	taste	raw
orange	chicken	panda	express	food	rice	noodles
orange	juice	apple	drink	vitamin	c	breakfast	pulp
orange	seeds	juice	apple	peel	fruit
orientation	school	job	new	begin	teach
out	inside	baseball	box	crickett	inning
palm	trees	hawaii	vacation	ground	fruit	hand
panda	bear	express	chinese	food	australia	animal
panda	express	chinese	food	orange	chicken	fast
paper	clip	hold	together	metal	office	desk
paper	write	piece	pencil	pen	print
parasail	vacation	fly	boat	water	ocean
paris	hilton	celebrity	gossip	tabloid	lohan	simple
parka	rain	cold	wet	water	protect
parking	attendant	lot	cars	drive	daily	monthly
partner	companion	husband	wife	boss	head
party	celebrate	birthday	new	years	fun	weekend
password	username	key	email	register	sign
patch	award	scout	fix	together	bind
peace	earth	dove	white	world	war
peanut	butter	sandwich	jelly	jif	skippy	nuts
penalty	illegal	punishment	offense	wrong	law
pencil	eraser	pen	yellow	write	paper
penny	lucky	coin	change	nickel	dime
pepper	salt	shaker	sneeze	restaurant	black
perfume	smell	nice	flowers	ready	spray
permanent	marker	write	heavy	pen	sharpie	draw
phil	jackson	coach	basketball	bulls	lakers	zen
piano	keys	play	grand	instrument	music
piano	man	billy	joel	musician	singer	blind	fire
pick	up	food	drive	thru	delivery	restaurant	car
piece	pie	cake	slice	fraction	math
piggy	bank	store	money	coins	save	allowance
pillow	soft	sleep	bed	case	head
pink	girl	color	bear	blue	female
pinky	thumb	finger	hand	toe	ring
pizza	hut	food	restaurant	breadsticks	pepper	roof
pizza	hut	pie	pepperoni	topping	deep	dish
place	location	destination	here	there	city
plasma	television	lcd	projection	inch	view
plate	circle	eat	food	hold	table
playground	slide	swing	set	round	park	kids
poker	flush	cards	table	vegas	rounders
police	cops	law	rules	ticket	badge
politician	public	official	representative	vote	elect
polo	shirt	sport	ball	horse	collar
porch	grill	house	home	deck	party
porsche	car	fast	boxster	speed	exotic
portrait	family	picture	frame	pose	photo
potato	sack	french	fries	mashed	baked	meat
pot	of	gold	leprauchan	colors	water	rainbow	rain
pot	pan	kettle	black	non	stick	cook
power	electricity	battery	strength	cord	outlet
prescription	medicine	pharmacy	doctor	cvs	refill
presentation	powerpoint	show	display	review	oral
pressure	nervous	sweat	heart	must	under
princeton	tough	university	college	study	admission
prison	law	penalty	jail	illegal	bars
private	public	advertise	keep	tight	silent
private	quity	kkr	blackstone	fund	buyout	return
produce	create	make	manufacture	grocery	store
professor	teacher	school	class	kids	learn
prosecutor	defendant	court	law	judge	attorney
protein	shake	muscle	peanuts	meat	nutrition
protractor	instrument	math	school	shapes	circle
purpose	reason	behind	fault	accident	timing
purse	money	cash	credit	cards	license	wallet
puzzle	crossword	logic	pieces	solve	solution
quarter	twenty	five	penny	nickel	dime	change
queen	bee	king	rock	drag	royalty
question	ask	answer	interrogate	period	mark
quiz	cheat	school	test	study	exam
rabbit	long	ears	hop	bunny	animal	bugs	bunny
rachel	ray	cook	show	television	teach	thirty
racket	tennis	hit	swing	net	ball
rainbow	leprauchan	colors	roy	g	biv	gold	rain
rain	wet	water	drizzle	pour	umbrella
rattlesnake	animal	long	cobra	venom	poison
razor	shave	gillette	face	blade	hair
real	world	mtv	show	reality	job	college
red	heart	color	orange	fire	hot
red	lobster	restaurant	seafood	biscuit	shrimp	fish
refrigerator	cold	store	food	keep	doors
relative	related	family	member	blood	cousin
relax	vacation	trip	busy	rest	chill
remember	forget	titans	alamo	brain	retain
report	book	above	manager	summary	speak
republican	george	bush	party	political	elephant	red
review	analyze	look	critique	check	manager
rice	wheat	grain	food	asia	white
ring	finger	thumb	finger	hand	toe	index
ring	gold	wear	engagement	wedding	finger
river	water	lake	stream	mississippi	runs
robbery	thief	invasion	steal	take	home
robin	williams	actor	comedian	mrs.	doubtfire	funny	voice
robot	electronic	automatic	robocop	r2d2	machine
rocky	movie	film	balboa	boxing	sylvester	stallone
roger	federer	tennis	best	greatest	rank	one
romance	love	heart	date	marriage	single
roof	upstairs	rain	house	home	shingles
rope	cord	string	tie	tug	secure
rose	flower	red	love	romantic	date
rough	tough	hard	difficult	edge	sandpaper
route	football	bus	directions	road	path
ruler	12	inch	foot	measure	school
rush	hurry	speed	fast	quick	mail
salad	dressing	thousand	island	french	lite	croutons	topping
salt	pepper	shaker	seasoning	restaurant	white
salt	water	ocean	lake	purify	drinking	taste
schedule	event	date	day	week	month
school	bus	yellow	transportation	kids	children	wheels
scissors	cut	knife	school	paper	blades
score	run	point	earn	sports	game
scottie	pippen	chicago	bulls	forward	nose	star	michael	jordan
scrabble	letters	words	dictionary	tile	board	game
screwdriver	screw	wall	hang	tool	twist
sears	tower	tallest	america	chicago	skyscraper	building
second	cousin	brother	father	mother	sister	parent
seminar	teach	learn	job	training	education
senator	state	representative	congress	100	elect
service	gas	car	auto	fix	repair
sesame	chicken	spice	big	bird	seasoning	taste
seven	oclock	time	six	five	eight	four
shark	teeth	ocean	hammerhead	blood	jaws
shirt	button	wear	tee	top	blouse
shoulder	body	part	head	arms	carry
shower	curtain	wash	prevent	door	hang	hotel
shuttle	bus	transportation	airport	train	travel
simple	easy	quick	complicated	fast	small
sister	brother	father	mother	sibling	parent
sister-in-law	husband	wife	parent	sibling	family
six	flags	great	america	roller	coaster	amusement	park	texas	batman
skyscraper	builing	tall	city	downtown	office
slant	tilt	v8	tip	straight	side
slash	drummer	lightning	internet	keyboard	computer
slate	clean	blank	over	piece	canvas
slide	park	down	kids	slip	photo
snake	animal	long	cobra	venom	poison
sneeze	nose	sick	ill	pepper	cough
snowman	frosty	balls	carrot	christmas	abominable
snowmobile	white	ice	cold	clean	push
snow	white	ice	cold	rain	flake
soap	clean	dove	zest	shower	dirt
soap	opera	lives	romance	actors	daytime	television
soccer	pele	goal	net	feet	kick
soda	coke	pop	drink	can	vending	machine
sombrero	hats	mexico	head	spanish	round
sound	music	voice	hear	speech	ear
sponge	dish	soap	clean	bob	absorb
spoon	eat	cereal	bowl	fork	silverware
spray	paint	graffiti	vandalize	colors	wall	thug
sprint	cell	phone	wireless	network	roam
sprite	coke	pop	drink	can	vending	machine
squeak	mouse	rust	gate	oil	grease
stadium	baseball	football	sports	audience	view
stanford	university	california	college	study	admission
stapler	clip	paper	together	bind	refill
star	trek	starship	enterprise	kirk	picard	science	fiction
steak	eat	red	meat	rare	well	done	fancy
steeple	church	tall	cross	doors	tower
step	dad	grandparent	mother	father	children	parent
step	mom	grandparent	mother	father	children	parent
steve	wynn	las	vegas	casino	hotel	art	strip
sticker	apply	tape	glue	cartoon	fun
sting	ray	steve	irwin	flap	ocean	poison	water
stop	light	red	green	drive	yellow	intersection
stop	sign	red	octagon	drive	car	intersection
storm	wet	water	drizzle	pour	umbrella
straight	arrow	line	parallel	forward	flush
streak	win	nude	loss	chain	row
strike	bowl	hit	ball	pitch	out
strip	mall	suburbs	grocery	store	mcdonalds	parking	lot
student	teacher	school	class	kids	learn
subway	sandwich	shop	food	inch	jared
suitcase	travel	airport	pack	luggage	bag
sunday	monday	saturday	friday	weekend	sabbath
sun	glasses	sky	see	clear	block	prevent
superman	hero	movie	flies	kryptonite	underwear
surgery	cut	body	hospital	perform	operation
syrup	waffles	maple	sap	butter	pancake
talking	speak	laugh	mouth	communicate	tell
tall	tale	story	lie	honesty	deceipt	short
tape	scotch	duct	player	cd	music
taxi	cab	tip	transport	yellow	new	york
teacher	professor	school	class	kids	learn
technical	foul	gritty	correct	aspect	time
teenager	school	ten	kids	grow	fight
telescope	view	see	space	solar	planet
television	screen	program	watch	movies	show
temperature	hot	cold	weather	outside	degrees
temple	worship	church	pray	peace	god
tennis	shoes	gym	sneakers	running	feet	wear
tequila	mexico	shot	alcohol	drink	bar
test	cheat	school	quiz	study	exam
text	message	phone	keyboard	type	words
thanksgiving	turkey	november	pilgrims	holiday	christmas
thank	you	welcome	something	greeting	response	polite
thermometer	temperature	heat	measure	fever	mercury
thread	needle	sew	thimble	string	button
thunder	wet	rain	lightning	sound	umbrella
thursday	friday	wednesday	days	two	eve
tim	duncan	spurs	champion	basketball	star	parker
time	watch	clock	noon	midnight	stop
tip	cab	taxi	waiter	restaurant	money
toad	princess	frog	green	tadpole	wet
toast	jelly	breakfast	carbohydrate	eat	wheat
tom	brady	quarterback	patriots	football	star	touchdown
toothbrush	paste	shave	every	dentist	cavity
toothpaste	brush	shave	every	dentist	cavity
tortilla	taco	bread	mexico	flour	round
touch	hands	finger	feel	sense	reach
tower	london	guard	queen	leaning	high
town	city	place	hall	gather	small
tradition	ritual	culture	repeat	time	every
trapper	keeper	keep	papers	folder	store	school
tree	branch	trunk	wood	paper	plant
trend	fashion	style	copy	imitate	catch
truck	car	big	wheels	large	road
trust	believe	promise	break	family	friend
tuesday	monday	wednesday	days	two	eve
turkey	thanksgiving	country	pilgrims	gravy	mashed	potatoes
turtle	crawl	slow	shell	ninja	tank
tuxedo	suit	prom	wedding	bow-tie	vest
typewriter	computer	fast	write	computer	electronic
umbrella	rain	open	wet	water	protect
uncle	brother	father	mother	sibling	parent
unicycle	circus	bicycle	artist	wheel	show
university	college	high	school	study	degree	academic
vacation	family	trip	busy	rest	chill
vacuum	cleaner	hoover	carpet	dusty	filthy	clean
value	worth	money	cash	flow	discount	period
vampire	teeth	blood	coffin	dead	night
vandalism	spray	paint	vandalize	colors	wall	graffiti
vcr	tape	movie	film	player	dvd
victoria	beckham	david	spice	girls	english	soccer	brooklyn	&	romeo
visor	hat	golf	sun	wear	head
voicemail	message	phone	call	leave	answer	ring
volcano	erupt	lava	mountain	hawaii	hot
volkswagen	car	beetle	german	jetta	passat
volleyball	net	game	sport	beach	spike
wait	line	time	anxious	bored	queue
walking	running	skipping	feet	move	slow
wallet	money	cash	credit	cards	license	purse
wallpaper	paint	rooms	attach	glue	home
wanted	flyer	sheriff	most	america	poster
water	bottle	drink	thirsty	hot	sports	fill
waterfall	beauty	site	nature	cliff	lake
watermelon	seeds	juice	green	pink	fruit
wayne	gretzky	ice	hockey	star	goal	score	famous
weather	rain	outside	meteorologist	predict	forecast
website	online	google	yahoo	internet	computer
wednesday	tuesday	thursday	days	two	eve
week	seven	days	month	calendar	year
weight	pounds	kilograms	scale	fat	over
whale	ocean	large	massive	blue	moby	dick
wheel	chair	assist	sit	hospital	move	transport
wheel	of	fortune	pat	sajak	vanna	white	game	show	jeopardy	puzzles
whistle	referee	blow	sound	umpire	mouth
white	house	president	home	lives	building	washington	d.c.
wine	red	shiraz	merlot	white	drink
winter	season	christmas	snow	december	cold
wire	electric	plug	power	battery	computer
wow	exclamation	awesome	cool	surprised	look
wrench	bolt	wall	hang	tool	twist
write	author	books	words	pen	paper
yale	tough	university	college	study	admission
yawn	sleepy	tired	nap	mouth	wide
yogurt	dannon	culture	milk	dairy	food
zipper	close	shut	jacket	jeans	purse
